
insert into public.users (id, username, email, user_password, created, changed, is_deleted, active)
values  (38, 'Alex', 'a.piatrovich@gmail.com', '$2a$06$7cSGpOF1L/FTEhJHOcT.pOL4H/2lK.x7k9/vfhzLY4xnHXnSc.ZS6', '2023-07-31 20:13:32.993918', '2023-07-31 20:13:32.994918', false, false),
        (37, 'svetaPiven', 'sveta.piven.trainlab@gmail.com', '$2a$06$nMJIPCe4p8VF8lseOlI6o.zlIg8oIhVycn8FbOCqllBlTTcuYqmX6', '2023-07-31 20:06:36.489535', '2023-07-31 20:06:36.489535', false, true),
        (34, 'sveta', 'svetapiven@icloud.com', '$2a$06$x20wBDW4GFHvr58uZjs6Q.RDup.4HJU9poN4qVL/WQsSNNMNb61km', '2023-07-29 22:05:22.999120', '2023-07-29 22:05:22.999120', false, true),
        (33, 'vit', 'ferondos@gmail.com', '$2a$06$NX45lobdIcB4LvgxCgQ31OtSa23LWsbTSyu./WZGtG9VSWF05O6jO', '2023-07-28 22:47:58.202589', '2023-07-28 22:47:58.202589', false, true),
        (29, 'katekomleva', 'komlevakate99@gmail.com', '$2a$06$75n/n3zxYHxAC/zxzWtKjOu0kypC7LTuruWFIVP3usxh0UM2qzp..', '2023-07-24 10:57:24.706957', '2023-07-24 10:57:24.706957', false, true),
        (13, 'p_vit', 'm@gmail.com', '1234', '2023-07-19 23:13:12.000000', '2023-07-19 23:13:12.000000', false, true),
        (11, 'AnyaSmith', 'anyasmith12@gmail.com', '$2a$06$zTrxCg15eaub8KjvUUdI..fQQwQO1VAjJZ56gLNDY4plRkWCj5nX2', '2023-07-18 10:57:22.274266', '2023-07-18 10:57:22.274266', false, false),
        (10, 'SergayS', 'sergays11@gmail.com', '$2a$06$CPnBmfO1IuMfileriHhDJ.1A5nKqUdkNwT6qVTSai6wvIX/a/UA76', '2023-07-18 10:53:47.940085', '2023-07-18 10:53:47.940085', false, false),
        (7, 'stasystar', 'stasy56@gmail.com', '$2a$06$l1thHrZs5TrrziyZRdndDum76JqCyGHaevPUjHCw.z8zFa66U0d1q', '2023-07-17 21:28:24.716532', '2023-07-17 21:28:24.716532', false, false),
        (6, 'Sasha', 'sasha99@gmail.com', '$2a$06$Cdp7.nQ2eVKJayyKC2EMpetHNt5KtolXm2dLl98TCnLWBEj4RDJn.', '2023-07-17 21:22:43.395060', '2023-07-17 21:22:43.395060', false, false),
        (5, 'RomaRR', 'rromar1@gmail.com', '$2a$06$dYPXnAYJ21W2Vv8G.8yTQOOUVRFna0NmN9BvPX29YVPEbtzmVHdp6', '2023-07-17 20:00:00.000000', '2023-07-17 20:00:02.000000', false, false),
        (4, 'VladaVlada', 'vlada123@gmail.com', '$2a$06$jUesL04zIgidgaQWTExzt.wRbNOTCbAvWu7m70XF.poeAWcR81SI.', '2023-07-14 20:14:04.000000', '2023-07-14 20:14:06.000000', false, false),
        (3, 'test', 'test@mail.com', '$2a$06$L1ofHuH30FajzZuOp2DNv.XQ9ZdD9jXV2E0/6vTxUWpf8rSCkniTC', '2023-07-14 12:45:08.204897', '2023-07-14 15:44:55.000000', false, false),
        (2, 'svetaPiv', 'sveta54@gmail.com', '$2a$06$.jLmbqQazr.vcxpaf8t3New3K4BW9wfqLopQHAMFEeFJcIQr30nWG', '2023-07-13 16:31:17.000000', '2023-07-13 16:31:19.000000', false, false),
        (1, 'kateUpdated1', 'kateUpdated@gmail.com', '$2a$06$dnfljySL5wwO918hOHWkwOfOzSuQMORHXAr5em7CzMREoxnCJx2UC', '2023-07-13 16:28:08.000000', '2023-07-31 15:32:53.462876', false, false);


insert into public.sessions (id, user_id, session_token, created, changed, is_deleted, session_id)
values  (162, 37, '8b65ed2b-3661-45d4-b3cf-24e2a38fbfc0', '2023-07-31 20:14:25.005277', '2023-07-31 20:14:25.006255', false, '9E658A8454F8063ADFC41F492CC0B98A'),
        (161, null, '301e655c-560f-4e45-9cf5-f4ae1197fafc', '2023-07-30 16:08:21.601823', '2023-07-30 16:08:21.601823', false, '1D0D20DC0A474C995198439249B038D8'),
        (160, 33, '9a075cc7-40eb-46e1-a8e2-aa5a4f8d3ced', '2023-07-30 16:07:50.175216', '2023-07-30 16:07:50.175216', false, '1D0D20DC0A474C995198439249B038D8'),
        (159, 33, '141c844b-d48a-40b3-8963-5c76053a216c', '2023-07-29 22:40:27.426746', '2023-07-29 22:40:27.426746', false, '2C9B8C7BE91100964503D4CC513FBD71'),
        (158, null, '3f0d0697-efcd-4b7a-8103-258236789f5f', '2023-07-29 22:40:22.903811', '2023-07-29 22:40:22.903811', false, '3574C4D1B874548DCE23AE25AB55F33D'),
        (157, 33, '43ec2d86-adf6-49c6-a6a5-19ce1516547c', '2023-07-29 22:29:53.284769', '2023-07-29 22:29:53.285766', false, '14734D91CD780138375967921570E60F'),
        (156, null, '265e32f5-e77f-447f-95c0-6247c2f0db76', '2023-07-29 22:29:49.355917', '2023-07-29 22:29:49.355917', false, '11732FFA9A05471A69318422B4CD75CD'),
        (155, 33, 'f520968b-38bd-44ce-b288-1d8db08fbee1', '2023-07-29 22:15:34.306199', '2023-07-29 22:15:34.306199', false, '955624C8A9A1377C434102B63872E88E'),
        (154, null, 'e754c1da-29b3-4573-8f9c-eca346abfe6b', '2023-07-29 22:15:30.168766', '2023-07-29 22:15:30.168766', false, 'C8ED0D91447FFE05033AB186289AF2BE'),
        (153, 33, 'a89b4956-51df-4bb5-81a5-ba099108bc95', '2023-07-29 22:13:35.064903', '2023-07-29 22:13:35.064903', false, '34140D458107091AB26F5E522E22EC08'),
        (152, 34, '2e69913b-d2c6-46f7-b044-693a1f851c77', '2023-07-29 22:08:39.427075', '2023-07-29 22:08:39.427075', false, '26C0682DD63B1E6C1703E25AD8DEF69C'),
        (151, 33, '94f82bbd-73f1-4fed-a4c6-cd2780267fc0', '2023-07-29 21:58:36.046402', '2023-07-29 21:58:36.047403', false, '8E564D3221CFDFD2FC2389ACE510FDE4'),
        (150, 33, '2cb4f817-3c1e-416f-9a82-c86d047d7ab6', '2023-07-29 21:58:25.759341', '2023-07-29 21:58:25.759341', false, 'E22A1ADD9946E53C915D3D546256A1AA'),
        (149, 33, '44db7528-009a-4f73-9966-9eb120e510f8', '2023-07-29 20:32:49.287374', '2023-07-29 20:32:49.287374', false, 'F9C111708EF7B5A2024C591455FE5D10'),
        (148, 33, 'e03d26c6-f872-433b-8708-535e7499f4f6', '2023-07-28 23:01:40.033740', '2023-07-28 23:01:40.034736', false, '8D6506F3C35E337410B854672D5E5988'),
        (147, null, 'e81feff2-876c-4909-acfc-ea3c8cb0ccfd', '2023-07-28 23:01:31.559820', '2023-07-28 23:01:31.559820', false, '87D68ADF697025A7B9FA187BBC9D09BA'),
        (138, 1, '89b907d2-86ef-4be8-bbc2-68c7ca351762', '2023-07-28 22:16:19.770781', '2023-07-28 22:16:19.770781', false, 'C7AB3CBF74F3340B7AE22F7A77E1DC0E'),
        (137, null, '7a019594-5c95-4497-95f3-24bc8fac9201', '2023-07-28 22:14:07.539979', '2023-07-28 22:14:07.539979', false, '5FE006388085502B050FE10D4681CE62'),
        (136, null, '06bc7c23-4c64-4266-a208-a86c20746dea', '2023-07-27 23:31:03.014111', '2023-07-27 23:31:03.014111', false, '4AB69D3E76DBF27BBCAFBC81A8CC98F1'),
        (135, null, '28d730b5-a6ff-4301-b9e1-09df936b8df5', '2023-07-27 22:56:34.079917', '2023-07-27 22:56:34.079917', false, '3ECC8230B5B7B355388AF62D9F1142E9'),
        (134, null, '018c5784-ca99-4e06-a6c4-edb12d99ac90', '2023-07-27 22:44:15.706685', '2023-07-27 22:44:15.706685', false, '2249AA9F299D3D1D5FC8C79BD074F878'),
        (133, null, '00f8e571-691c-448c-8b04-11598aca37d6', '2023-07-27 22:44:01.070128', '2023-07-27 22:44:01.070128', false, '2249AA9F299D3D1D5FC8C79BD074F878'),
        (132, null, '9484a671-a609-4045-960c-f573aa5effc2', '2023-07-27 22:36:49.883481', '2023-07-27 22:36:49.884481', false, '3325810CE590A10683F83B6B2638BE20'),
        (131, null, 'aee829b9-d5aa-4cbc-bda0-5e410afe56f1', '2023-07-27 22:36:14.129287', '2023-07-27 22:36:14.129287', false, '3325810CE590A10683F83B6B2638BE20'),
        (130, null, '831e882a-caad-4c0c-89ab-da4fa3217abb', '2023-07-27 22:36:11.415161', '2023-07-27 22:36:11.415161', false, '3325810CE590A10683F83B6B2638BE20'),
        (129, null, 'e9693b04-9601-45d6-8058-2f87d55be300', '2023-07-27 22:30:50.347817', '2023-07-27 22:30:50.347817', false, '0EFF93BB98D1DD851E9E8449A6A6D4FB'),
        (128, null, '2a9da170-b223-4443-9eb8-9f30f86e03e6', '2023-07-26 21:31:31.657307', '2023-07-26 21:31:31.657307', false, 'F46C57C0EAF1F2ABA492691D009EB6AB'),
        (127, null, '9cf52a43-dcaa-4c8e-81ed-6787042329b8', '2023-07-26 21:31:30.302855', '2023-07-26 21:31:30.302855', false, 'BE46B05CDD8BD206D8B7D96E61321840'),
        (126, null, 'fc28c083-dcfa-4b00-93e3-3aefac38ca86', '2023-07-26 21:30:19.394225', '2023-07-26 21:30:19.394225', false, 'D68AC43970F503A785C26394A7CD9DD2'),
        (125, null, '83ef3668-4871-4def-b9dc-87d6aa778ea4', '2023-07-26 21:30:06.843047', '2023-07-26 21:30:06.843047', false, '2CD1FABB8574078AC1AA57AE05DEFE67'),
        (124, null, '4194a5c0-eb56-4808-9b33-a8ae5679fccc', '2023-07-25 21:29:10.647580', '2023-07-25 21:29:10.647580', false, '9AF5DDA3B259CF75F2CADFF4C01F021E'),
        (123, null, '296a92b3-5ee1-4d90-bccf-cf514cb2fea5', '2023-07-25 21:26:24.952777', '2023-07-25 21:26:24.952777', false, 'F260F8287E5AA7371320147E2852A218'),
        (122, null, 'f74d13fa-830b-4c92-9939-82ba023bc904', '2023-07-25 21:25:56.972706', '2023-07-25 21:25:56.972706', false, 'C385D1AA36907BB0193832B9C79EC64D'),
        (121, null, 'c66a61e0-4078-4e66-b74a-5ef707d8a647', '2023-07-25 10:23:38.655413', '2023-07-25 10:23:38.655413', false, '34F0C4551091E21422DA32A967030EF8'),
        (120, null, '5f6914c3-bb72-4fff-acc6-75aa125aa87a', '2023-07-25 10:18:38.612402', '2023-07-25 10:18:38.612402', false, '1ED0273E014E44DEFC2E698403827AD4'),
        (119, null, 'cb197461-0013-4797-bf47-a3ea83ead2b8', '2023-07-25 10:13:51.237402', '2023-07-25 10:13:51.237402', false, 'B56DE260B01F73370DE656C00862B29A'),
        (118, null, 'f8c2898d-0096-48c3-aeb2-256cfb53fdde', '2023-07-25 10:10:03.755403', '2023-07-25 10:10:03.756404', false, 'B18EF45AA30F1906CE46648E619AE0C1'),
        (117, null, 'ba23f2ae-7b3c-4d18-ba29-a9b0ebbdceac', '2023-07-24 22:56:52.911875', '2023-07-24 22:56:52.911875', false, 'A23B3C71E9B409189AD64DBDB164046B'),
        (116, null, '67f48970-ff39-4c27-92ae-55a040774ef8', '2023-07-24 16:46:05.339970', '2023-07-24 16:46:05.339970', false, '0C2D8498613AC1FD1105F5B0AF975D4E'),
        (115, null, '48d3e050-e3a6-4864-8425-2dc9bfc487ac', '2023-07-24 15:14:33.002048', '2023-07-24 15:14:33.002048', false, 'AA1A3B4B923141EA38521450F826EBD0'),
        (114, null, 'cf3d13b1-27c9-4471-b1d7-85f22dd88ee2', '2023-07-24 12:26:19.525780', '2023-07-24 12:26:19.525780', false, 'CBD7EEB7EF1F2783DF35FAAF5281E219'),
        (113, null, 'e3ffed05-bcf5-4c57-ae43-bec7c38c8f96', '2023-07-24 11:20:38.258280', '2023-07-24 11:20:38.259280', false, '52ABD825859DA0AD5B8721EE8615C4BC'),
        (112, null, '3c4b5aeb-adc4-4e34-a76a-83e692596c74', '2023-07-24 11:20:27.008852', '2023-07-24 11:20:27.008852', false, 'ECF3BE651F85B56160F0B0FEBD52A510'),
        (111, null, 'c9768760-6ce0-4b24-96f7-f6dc90bf1d05', '2023-07-24 11:06:49.711893', '2023-07-24 11:06:49.711893', false, 'CF54DD0E862C7973CF49F19A1044C219'),
        (110, null, 'e4ec1828-fec0-4130-82c2-a5e27929b5b0', '2023-07-24 11:06:30.465499', '2023-07-24 11:06:30.465499', false, 'CF54DD0E862C7973CF49F19A1044C219'),
        (109, null, 'abd03cba-890f-4c7e-94ad-6e077240389a', '2023-07-24 11:06:10.726622', '2023-07-24 11:06:10.726622', false, 'CF54DD0E862C7973CF49F19A1044C219'),
        (108, null, 'b30b35c8-f372-484b-b8c8-ee9e8960db1a', '2023-07-24 11:04:56.165631', '2023-07-24 11:04:56.165631', false, 'CF54DD0E862C7973CF49F19A1044C219'),
        (107, null, 'f31ea9df-399d-477b-b3e9-1a741c3a1c76', '2023-07-24 10:58:54.673028', '2023-07-24 10:58:54.673028', false, '7D0217A1156D0E7EF3015FFA9A38D39E'),
        (106, null, '9cddc1ea-652d-4a4c-9ff1-9bbff8ce1a21', '2023-07-24 10:58:46.427723', '2023-07-24 10:58:46.427723', false, '7D0217A1156D0E7EF3015FFA9A38D39E'),
        (105, null, '56ed4314-9093-4117-8ee7-5af1a8d0f064', '2023-07-24 00:06:23.896413', '2023-07-24 00:06:23.896413', false, 'EF08555C08C7FD13C70BE48B3CD5FE31'),
        (104, null, '15344fcc-d743-4c9c-bc51-316d9cd482f3', '2023-07-24 00:06:22.085453', '2023-07-24 00:06:22.085453', false, '4637485440CD2502511062816C994DED'),
        (103, null, '4ad21f88-7660-4b5c-862c-983b034e5662', '2023-07-24 00:04:34.645410', '2023-07-24 00:04:34.645410', false, '1EB3A43C0E7A1DCA192BF94E2330C940'),
        (102, null, '7b3281f5-989d-4ffa-8bf2-be4a56a742d8', '2023-07-24 00:04:33.288419', '2023-07-24 00:04:33.288419', false, '5E12093501C5C857939F39FF9FDF0DBD'),
        (101, null, '5ac87bb1-371f-4cd7-a37c-b9878ee8f88b', '2023-07-24 00:03:36.100415', '2023-07-24 00:03:36.100415', false, 'C01967D12B019F7D3C6C01C82205281E'),
        (100, null, '2dd73d6e-0477-430b-a63e-78eca348dcc8', '2023-07-23 23:50:09.714442', '2023-07-23 23:50:09.714442', false, 'DB92E06E5A7E5F41ACFD1C16CF40DFCA'),
        (99, null, 'c102185e-d99d-4888-a480-a93064405d01', '2023-07-23 23:32:15.724430', '2023-07-23 23:32:15.724430', false, '66951A032F487A19F9484E4FA8DB7797'),
        (98, null, 'f326b469-c709-40d5-a5ad-b8313dff6f9e', '2023-07-23 23:27:06.839444', '2023-07-23 23:27:06.839444', false, '6A156695A2B2C268CCCE961DD97C0A51'),
        (97, null, '42dbb8e0-82d6-4121-8526-903e7f74fdd0', '2023-07-23 23:24:46.880415', '2023-07-23 23:24:46.880415', false, '21A2DD0DB2AA14C636F652D89F25C933'),
        (96, null, '6e7a7725-2c88-45f8-a9e2-832f05bd4415', '2023-07-23 23:20:06.188411', '2023-07-23 23:20:06.188411', false, 'C983D9A0484DD825588C6978A691D740'),
        (95, null, 'd276c700-b3bc-4c8b-8c97-ac3dddc82995', '2023-07-23 23:18:58.329409', '2023-07-23 23:18:58.330408', false, '7050972CFDCC78DF63324548A04D6860'),
        (94, null, '59b4765c-dca9-484d-8dd9-b4b8823f03ff', '2023-07-21 14:17:06.722883', '2023-07-21 14:17:06.722883', false, '0B46EA49CC82CF63AF80EC64A667F98D'),
        (93, null, 'ea745f5f-1948-441e-96ae-223561516937', '2023-07-21 14:17:01.657279', '2023-07-21 14:17:01.657279', false, '0B46EA49CC82CF63AF80EC64A667F98D'),
        (92, null, '10e77a12-fb37-47f5-93d9-f25b17d129d5', '2023-07-21 13:56:00.749360', '2023-07-21 13:56:00.749360', false, 'F17C241CDF990F3E6226372A9F3833D5'),
        (91, null, '402020bd-4ba0-4ff0-8acd-d97745fc28e9', '2023-07-21 13:55:56.631359', '2023-07-21 13:55:56.631359', false, 'F17C241CDF990F3E6226372A9F3833D5'),
        (90, null, 'de9adb0f-f639-4ec6-a4e4-4cb060c88ec5', '2023-07-21 13:55:26.757829', '2023-07-21 13:55:26.757829', false, 'C7B9340AC5A8BACD601C131DB1C27C5C'),
        (89, null, '45327d4e-1403-4500-82e5-981df8a60f37', '2023-07-21 13:55:24.082831', '2023-07-21 13:55:24.082831', false, 'C7B9340AC5A8BACD601C131DB1C27C5C'),
        (88, null, 'e320964f-900e-48d5-86f6-954e90770b78', '2023-07-21 13:54:09.657830', '2023-07-21 13:54:09.657830', false, '9A88C91B088BD3C147FB8A8F24F9027A'),
        (87, null, '1cc80c5d-a80d-44a8-ac99-e8597b3a3e91', '2023-07-21 13:54:08.716830', '2023-07-21 13:54:08.716830', false, '9A88C91B088BD3C147FB8A8F24F9027A'),
        (86, null, '5483af84-3e6a-4003-8414-a7afab7c7038', '2023-07-21 13:54:05.032832', '2023-07-21 13:54:05.032832', false, '9A88C91B088BD3C147FB8A8F24F9027A'),
        (85, null, '6f66a439-8fe8-4aff-8df5-c0eac45cd07b', '2023-07-21 13:54:01.312831', '2023-07-21 13:54:01.312831', false, '9A88C91B088BD3C147FB8A8F24F9027A'),
        (84, null, '213cad25-ffac-46e9-b55f-63ab407de3eb', '2023-07-21 13:53:12.308992', '2023-07-21 13:53:12.308992', false, '9A88C91B088BD3C147FB8A8F24F9027A'),
        (83, null, '0187bc08-1a01-4d86-86f2-c1917ec3c731', '2023-07-21 13:53:09.071994', '2023-07-21 13:53:09.071994', false, '9A88C91B088BD3C147FB8A8F24F9027A'),
        (82, null, '6bc9d0c7-11ba-4e8e-be7c-05f65a74e441', '2023-07-21 13:52:16.608883', '2023-07-21 13:52:16.608883', false, '8ED590387FB31AC105121E473BFC7860'),
        (81, null, 'a00b9e7f-b4a1-4e68-bd85-84dd6e5ca8b3', '2023-07-21 13:49:40.403770', '2023-07-21 13:49:40.403770', false, '66AC283E8F13B36B864D84C80D294D78'),
        (80, null, 'c8a886e2-fd02-417c-a215-2f0ffef99c79', '2023-07-21 13:49:40.403770', '2023-07-21 13:49:40.403770', false, '8ED590387FB31AC105121E473BFC7860'),
        (79, null, 'e4f92493-b783-4521-95ae-84bc5568e333', '2023-07-21 13:48:58.275770', '2023-07-21 13:48:58.275770', false, '8D7AD478878C92A20C6BEA54A47B7075'),
        (78, null, '833825eb-9cd4-4927-a824-f3bc04c9d02b', '2023-07-21 13:44:42.696675', '2023-07-21 13:44:42.696675', false, '5E41742FC9E0CF52EC9B78B739D946C5'),
        (77, null, 'c4a3659b-26fb-4a62-8bf5-19b2a22e8523', '2023-07-21 13:44:38.638596', '2023-07-21 13:44:38.638596', false, '5E41742FC9E0CF52EC9B78B739D946C5'),
        (76, null, '5a514d28-dce0-4b33-8036-b443d974e423', '2023-07-21 13:43:10.757297', '2023-07-21 13:43:10.757297', false, 'D8E630C311DCDB6C7C66F5971F4CE203'),
        (75, null, 'c1aaec26-48d7-4525-a393-443eb492e7e3', '2023-07-21 13:42:40.534620', '2023-07-21 13:42:40.534620', false, 'D8E630C311DCDB6C7C66F5971F4CE203'),
        (74, null, '10d5f161-4ac7-4c7f-a67a-749bc9193b9a', '2023-07-21 13:40:01.065181', '2023-07-21 13:40:01.065181', false, 'D8E630C311DCDB6C7C66F5971F4CE203'),
        (73, null, 'c1f3ce94-749f-4f0c-87aa-3057a56a20ae', '2023-07-21 13:35:03.135740', '2023-07-21 13:35:03.135740', false, '89BEC515473B8C8D8F4C3C00BAF8ADE4'),
        (72, null, '066d0d8d-1461-4f1a-8ba7-b353b086e2fd', '2023-07-21 13:33:35.940543', '2023-07-21 13:33:35.940543', false, 'B4D11BC16163A766AB4048D881F89674'),
        (67, null, '4d7e06d6-1405-4e26-b782-72989443ee7f', '2023-07-20 17:06:09.978502', '2023-07-20 17:06:09.978525', false, '70C06F562108A8017C50CB00312F57C2'),
        (66, null, 'fa0f6d73-a41e-4846-a2f1-8b4134129595', '2023-07-20 17:05:43.887848', '2023-07-20 17:05:43.887927', false, '70C06F562108A8017C50CB00312F57C2'),
        (65, 13, 'fix: bugs
<!-- фк сессии реферил айди юзера в пк сессии -->', '2023-07-19 23:10:07.000000', '2023-07-19 23:10:07.000000', false, null),
        (64, null, '892455fd-03af-4cb2-997f-aada8b8e16a6', '2023-07-19 22:54:30.013198', '2023-07-19 22:54:30.013198', false, 'D3B96EA035950C7D31C1C032F2EEB0E3'),
        (63, null, '32ca36de-34bb-47ca-a312-0aafc2e35710', '2023-07-19 22:53:12.734963', '2023-07-19 22:53:12.735950', false, 'D3B96EA035950C7D31C1C032F2EEB0E3'),
        (11, null, '85c3dace-174e-4ac6-82ea-ea7ae4296e80', '2023-07-19 20:10:48.989391', '2023-07-19 20:10:48.989391', false, null),
        (10, null, '6df5a457-a9a4-466f-9aad-3dfb2bd37bfc', '2023-07-19 19:41:48.935386', '2023-07-19 19:41:48.935386', false, null),
        (7, null, '87704807-1251-4cdf-b2c9-294aabfd12a5', '2023-07-19 19:24:04.853160', '2023-07-19 19:24:04.853160', false, null);


insert into public.roles (id, role_name, created, changed, is_deleted)
values  (1, 'ROLE_ADMIN', '2023-07-13 16:33:07.000000', '2023-07-13 16:33:11.000000', false),
        (2, 'ROLE_USER', '2023-07-13 16:33:37.000000', '2023-07-13 16:33:42.000000', false);

insert into public.users_roles (id, user_id, role_id, created, changed, is_deleted)
values  (2, 2, 1, '2023-07-13 16:49:38.000000', '2023-07-13 16:49:40.000000', false),
        (1, 1, 2, '2023-07-13 16:49:24.000000', '2023-07-13 16:49:25.000000', false),
        (3, 3, 2, '2023-07-14 19:56:26.000000', '2023-07-14 19:56:27.000000', false),
        (4, 4, 1, '2023-07-14 20:21:31.000000', '2023-07-14 20:21:32.000000', false),
        (7, 10, 2, '2023-07-18 10:53:48.121223', '2023-07-18 10:53:48.121223', false),
        (8, 11, 2, '2023-07-18 10:57:22.347400', '2023-07-18 10:57:22.347400', false),
        (9, 15, 2, '2023-07-23 01:22:21.513817', '2023-07-23 01:22:21.513817', false),
        (10, 17, 2, '2023-07-23 01:34:19.348269', '2023-07-23 01:34:19.348269', false),
        (11, 18, 2, '2023-07-23 13:49:48.405301', '2023-07-23 13:49:48.405301', false),
        (12, 19, 2, '2023-07-23 14:09:22.959539', '2023-07-23 14:09:22.959539', false),
        (13, 20, 2, '2023-07-23 14:15:43.616071', '2023-07-23 14:15:43.616071', false),
        (14, 22, 2, '2023-07-23 15:06:16.593757', '2023-07-23 15:06:16.593757', false),
        (15, 23, 2, '2023-07-23 18:47:46.834536', '2023-07-23 18:47:46.834536', false),
        (16, 24, 2, '2023-07-23 19:37:01.344618', '2023-07-23 19:37:01.344618', false),
        (17, 25, 2, '2023-07-23 20:02:33.640119', '2023-07-23 20:02:33.640119', false),
        (18, 26, 2, '2023-07-23 20:05:20.047283', '2023-07-23 20:05:20.047283', false),
        (19, 28, 2, '2023-07-23 20:06:44.873194', '2023-07-23 20:06:44.873194', false),
        (20, 29, 2, '2023-07-24 10:57:24.857967', '2023-07-24 10:57:24.857967', false),
        (21, 30, 2, '2023-07-27 22:41:54.460818', '2023-07-27 22:41:54.460818', false),
        (22, 33, 2, '2023-07-28 22:48:06.786940', '2023-07-28 22:48:06.786940', false),
        (23, 34, 2, '2023-07-29 22:08:33.545846', '2023-07-29 22:08:33.545846', false),
        (24, 37, 2, '2023-07-31 20:09:48.201280', '2023-07-31 20:09:48.201280', false),
        (25, 38, 2, '2023-07-31 20:13:33.179249', '2023-07-31 20:13:33.179249', false);

insert into public.frontend_data (id, front_id, text, created, changed, is_deleted)
values  (1, 1.1, 'Создай свой успех', '2023-07-09 20:54:37.000000', '2023-07-09 20:54:41.000000', false),
        (2, 1.2, 'Наши тренажеры разработаны на основе тестовых заданий работодателей. выполняя задания и зарабатывая баллы, ты найдешь работу мечты', '2023-07-09 20:56:46.000000', '2023-07-09 20:56:49.000000', false),
        (3, 1.3, 'Выполни задания', '2023-07-09 20:59:20.000000', '2023-07-09 20:59:24.000000', false),
        (5, 1.5, 'Повышай рейтинг', '2023-07-09 21:00:26.000000', '2023-07-09 21:00:29.000000', false),
        (6, 1.6, 'Твоя работа найдет тебя', '2023-07-09 21:01:30.000000', '2023-07-09 21:01:32.000000', false),
        (4, 1.4, 'Собирай баллы', '2023-07-09 20:59:59.000000', '2023-07-09 21:00:01.000000', false),
        (7, 1.7, 'Все права защищены. Любое использование либо копирование материалов и (или) подборки материалов сайта, элементов дизайна и оформления допускается лишь с письменного разрешения правообладателя и только со ссылкой на источник: URL', '2023-07-09 22:55:03.000000', '2023-07-09 22:55:05.000000', false),
        (8, 1.8, 'Здесь будет история успеха нашего пользователя', '2023-07-09 22:56:16.000000', '2023-07-09 22:56:17.000000', false),
        (9, 1.9, '© 2023 OOO «ХХХХХХХХ»', '2023-07-09 22:56:43.000000', '2023-07-09 22:56:44.000000', false);
